{
  "index.html": 1764853181982,
  "model/models.js": 1764853181982,
  "formatter/formatter.js": 1764853181982,
  "controller/Main.controller.js": 1764853181982,
  "controller/LeaveRequestDetail.controller.js": 1764853181982,
  "controller/App.controller.js": 1764853181982,
  "manifest.json": 1764934680168,
  "Component.js": 1764853181982,
  "model/models-dbg.js": 1764853181982,
  "model/models.js.map": 1764934680308,
  "formatter/formatter-dbg.js": 1764853181982,
  "formatter/formatter.js.map": 1764934680299,
  "controller/Main-dbg.controller.js": 1764853181982,
  "controller/Main.controller.js.map": 1764934680318,
  "controller/LeaveRequestDetail-dbg.controller.js": 1764853181982,
  "controller/LeaveRequestDetail.controller.js.map": 1764934680310,
  "controller/App-dbg.controller.js": 1764853181982,
  "controller/App.controller.js.map": 1764934680304,
  "Component-dbg.js": 1764853181982,
  "Component.js.map": 1764934680307,
  "Component-preload.js": 1764934680408,
  "Component-preload.js.map": 1764934680408,
  "view/Main.view.xml": 1764853181986,
  "view/LeaveRequestDetail.view.xml": 1764853181986,
  "view/EditLeaveRequestDetail.view.xml": 1764853181986,
  "view/App.view.xml": 1764853181986,
  "fragments/CreateLeaveRequest.fragment.xml": 1764853181982,
  "css/style.css": 1764853181982,
  "i18n/i18n.properties": 1764853181982
}