{
  "controller/Main.controller.js.map": 1737703889834,
  "model/models.js": 1737370099727,
  "formatter/formatter.js": 1737461642100,
  "controller/Main.controller.js": 1737612854166,
  "controller/LeaveRequestDetail.controller.js": 1737611863186,
  "controller/App.controller.js": 1737612469205,
  "manifest.json": 1737703889666,
  "Component.js": 1737194906740,
  "controller/App-dbg.controller.js": 1737612469205,
  "controller/App.controller.js.map": 1737703889829,
  "formatter/formatter-dbg.js": 1737461642100,
  "formatter/formatter.js.map": 1737703889829,
  "controller/Main-dbg.controller.js": 1737612854166,
  "i18n/i18n.properties": 1737194908740,
  "controller/LeaveRequestDetail-dbg.controller.js": 1737611863186,
  "controller/LeaveRequestDetail.controller.js.map": 1737703889831,
  "model/models-dbg.js": 1737370099727,
  "model/models.js.map": 1737703889829,
  "Component-dbg.js": 1737194906740,
  "Component.js.map": 1737703889832,
  "Component-preload.js": 1737703889910,
  "Component-preload.js.map": 1737703889910,
  "view/Main.view.xml": 1737631362265,
  "view/LeaveRequestDetail.view.xml": 1737630975891,
  "view/EditLeaveRequestDetail.view.xml": 1737552189032,
  "view/App.view.xml": 1737194906752,
  "fragments/CreateLeaveRequest.fragment.xml": 1737615175180,
  "css/style.css": 1737617000653,
  "index.html": 1737524917449
}