{
  "formatter/Formatter-dbg.js": 1737637226400,
  "formatter/Formatter.js": 1737637226400,
  "model/models.js": 1737633363162,
  "controller/Master.controller.js": 1737637611987,
  "controller/Detail.controller.js": 1737703761232,
  "controller/App.controller.js": 1737636709121,
  "manifest.json": 1737703892078,
  "Component.js": 1737702594560,
  "Component-dbg.js": 1737702594560,
  "Component.js.map": 1737703892262,
  "model/models-dbg.js": 1737633363162,
  "model/models.js.map": 1737703892266,
  "controller/Master-dbg.controller.js": 1737637611987,
  "controller/Master.controller.js.map": 1737703892256,
  "controller/Detail-dbg.controller.js": 1737703761232,
  "controller/Detail.controller.js.map": 1737703892295,
  "controller/App-dbg.controller.js": 1737636709121,
  "controller/App.controller.js.map": 1737703892272,
  "i18n/i18n.properties": 1737633364510,
  "formatter/Formatter.js.map": 1737703892269,
  "Component-preload.js": 1737703892364,
  "Component-preload.js.map": 1737703892364,
  "view/Master.view.xml": 1737700950796,
  "view/DetailEmpty.view.xml": 1737702894130,
  "view/Detail.view.xml": 1737703167620,
  "view/App.view.xml": 1737637489194,
  "images/white.png": 1737697547385,
  "images/dark.png": 1737697547385,
  "css/style.css": 1737633363166,
  "index.html": 1737699990032
}