{
  "view/App.view.xml": 1764853181978,
  "manifest.json": 1764934682801,
  "formatter/Formatter.js": 1764853181978,
  "controller/Master.controller.js": 1764853181978,
  "controller/Detail.controller.js": 1764853181978,
  "controller/App.controller.js": 1764853181978,
  "model/models.js": 1764853181978,
  "Component.js": 1764853181978,
  "controller/App-dbg.controller.js": 1764853181978,
  "controller/App.controller.js.map": 1764934682966,
  "controller/Master-dbg.controller.js": 1764853181978,
  "controller/Master.controller.js.map": 1764934682973,
  "controller/Detail-dbg.controller.js": 1764853181978,
  "controller/Detail.controller.js.map": 1764934682972,
  "formatter/Formatter-dbg.js": 1764853181978,
  "formatter/Formatter.js.map": 1764934682971,
  "model/models-dbg.js": 1764853181978,
  "model/models.js.map": 1764934682971,
  "Component-dbg.js": 1764853181978,
  "Component.js.map": 1764934682971,
  "Component-preload.js": 1764934683044,
  "Component-preload.js.map": 1764934683044,
  "view/Master.view.xml": 1764853181978,
  "view/DetailEmpty.view.xml": 1764853181978,
  "view/Detail.view.xml": 1764853181978,
  "i18n/i18n.properties": 1764853181978,
  "images/white.png": 1764853181978,
  "images/dark.png": 1764853181978,
  "css/style.css": 1764853181978,
  "index.html": 1764853181978
}